codigo_unidade_geografica,2000
110001,1
110037,-
110040,-
110034,3
110002,31
110045,8
110003,-
110060,1
110004,4
110070,12
110080,-
110090,-
110005,1
110092,2
110006,-
110007,-
110008,4
110094,5
110009,5
110100,2
110010,3
110110,-
110011,12
110012,16
110013,4
110120,2
110130,2
110140,6
110014,-
110033,2
110143,-
110050,-
110015,3
110145,-
110018,5
110146,-
110020,109
110025,1
110147,-
110026,-
110028,6
110029,-
110148,-
110149,4
110032,5
110150,2
110155,-
110160,6
110170,1
110175,-
110180,-
110030,8
110000,-
120001,1
120005,-
120010,-
120013,-
120017,-
120020,-
120025,-
120030,-
120032,-
120033,-
120034,-
120035,-
120038,2
120080,-
120039,-
120040,37
120042,-
120043,-
120050,-
120045,-
120060,-
120070,-
130002,-
130006,-
130008,-
130010,-
130014,1
130020,-
130030,-
130040,-
130050,-
130060,2
130063,-
130068,-
130070,1
130080,-
130083,-
130090,-
130100,-
130110,-
130115,1
130120,3
130130,-
130140,-
130150,-
130160,1
130165,-
130170,1
130180,-
130185,2
130190,-
130195,-
130200,-
130230,-
130240,-
130250,1
130255,-
130260,216
130270,1
130280,-
130290,2
130310,-
130320,-
130330,1
130340,-
130350,-
130353,4
130356,1
130360,-
130370,-
130380,-
130390,1
130395,-
130400,-
130406,7
130410,-
130420,4
130423,-
130426,-
130430,-
130440,-
130000,-
140005,7
140002,1
140010,27
140015,1
140017,3
140020,-
140023,-
140028,2
140030,3
140040,-
140045,-
140047,1
140050,1
140060,-
140070,1
150010,-
150013,1
150020,-
150030,-
150034,5
150040,-
150050,-
150060,7
150070,-
150080,1
150085,-
150090,-
150095,-
150100,-
150110,-
150120,1
150125,-
150130,3
150140,185
150145,-
150150,-
150157,1
150160,-
150170,1
150172,1
150175,-
150178,2
150180,-
150190,-
150200,-
150195,-
150210,-
150215,-
150220,-
150230,-
150240,7
150250,-
150260,-
150270,1
150275,-
150276,1
150277,1
150280,-
150290,-
150293,1
150295,11
150304,-
150307,-
150309,3
150310,-
150320,4
150330,-
150340,-
150345,-
150350,-
150360,3
150370,9
150375,-
150380,10
150390,-
150400,-
150405,-
150410,-
150420,63
150430,-
150440,1
150442,-
150445,-
150460,-
150470,1
150475,-
150480,-
150490,-
150495,-
150497,-
150500,-
150503,2
150506,-
150510,-
150520,-
150530,-
150540,-
150543,3
150548,7
150549,-
150550,12
150553,22
150555,-
150560,-
150563,1
150565,-
150570,-
150580,-
150590,-
150600,1
150610,1
150613,1
150616,1
150618,15
150619,-
150620,2
150630,1
150635,-
150640,-
150650,-
150655,-
150658,1
150660,2
150670,1
150680,6
150690,-
150700,-
150710,-
150715,3
150720,-
150730,11
150740,-
150745,3
150746,-
150747,-
150750,3
150760,-
150770,-
150775,-
150780,2
150790,-
150795,5
150796,-
150797,-
150800,1
150803,-
150805,-
150808,5
150810,5
150812,1
150815,1
150820,-
150830,-
150835,-
150840,16
150000,-
160010,-
160020,-
160021,-
160023,-
160025,-
160027,-
160030,31
160040,-
160050,1
160015,-
160053,-
160055,-
160060,1
160005,-
160070,-
160080,-
170025,-
170030,-
170035,-
170040,-
170070,-
170100,-
170105,-
170110,-
170130,-
170190,-
170200,1
170210,39
170215,-
170220,-
170230,1
170240,-
170255,1
170270,-
170290,-
170300,-
170305,-
170307,1
170310,-
170320,-
170360,-
170370,-
170380,-
170382,-
170384,-
170386,-
170388,1
170389,1
170390,-
170410,-
170510,-
170550,2
171670,-
170555,-
170560,-
170600,-
170610,-
170625,-
170650,1
170700,-
170710,-
170720,-
170730,1
170740,1
170755,-
170765,3
170770,-
170820,-
170825,-
170830,-
170900,-
170930,1
170950,5
171050,-
171070,-
171090,-
171110,-
171150,-
171180,-
171190,-
171195,-
171200,-
171215,-
171240,-
171245,-
171250,-
171270,-
171280,-
171320,-
171330,-
171360,-
171370,-
171395,-
171420,-
171430,-
171488,6
171500,-
171515,-
171525,-
172100,18
171570,-
171380,-
171575,-
171610,5
171620,1
171630,-
171650,-
171660,-
171665,-
171700,-
171720,1
171750,1
171780,-
171790,-
171800,-
171820,5
171830,-
171840,-
171845,-
171850,-
171855,-
171865,-
171870,-
171875,-
171880,-
171884,-
171886,2
171889,-
171890,-
171900,-
172000,-
172010,-
172020,-
172025,-
172030,-
172049,-
172065,-
172080,-
172090,-
172093,-
172097,1
172120,-
172125,-
172130,-
172208,1
172210,-
170000,-
210005,5
210010,-
210015,-
210020,1
210030,-
210040,-
210043,1
210047,-
210050,-
210055,-
210060,-
210070,-
210080,-
210083,-
210087,-
210090,-
210095,1
210100,-
210110,-
210120,6
210125,-
210130,-
210135,-
210140,2
210150,-
210160,1
210170,-
210177,-
210190,-
210197,-
210200,-
210203,-
210207,-
210210,-
210215,-
210220,-
210230,1
210232,3
210235,-
210237,-
210240,-
210250,-
210255,-
210260,-
210270,-
210275,-
210280,-
210290,2
210300,3
210310,-
210312,-
210315,-
210317,-
210320,-
210325,-
210330,1
210340,-
210350,-
210355,-
210360,-
210370,-
210375,-
210380,1
210390,-
210400,-
210405,2
210407,-
210408,-
210409,-
210410,-
210420,-
210440,1
210450,-
210455,-
210460,-
210462,-
210465,-
210467,1
210470,-
210480,4
210490,-
210500,-
210510,-
210515,-
210520,1
210530,4
210535,-
210540,-
210542,-
210545,-
210547,-
210550,-
210560,-
210565,-
210570,1
210580,-
210590,-
210592,-
210596,-
210598,-
210600,2
210610,-
210630,-
210632,-
210635,-
210637,-
210640,-
210650,-
210660,-
210663,-
210667,-
210670,-
210675,2
210680,-
210690,-
210700,-
210710,-
210720,-
210725,-
210730,-
210735,-
210740,-
210745,-
210750,-
210760,-
210770,-
210780,-
210790,-
210800,-
210805,-
210810,-
210820,1
210825,-
210830,-
210840,-
210845,1
210850,-
210860,6
210870,-
210880,2
210890,1
210900,-
210905,-
210910,1
210920,-
210923,-
210927,-
210930,-
210945,-
210950,-
210955,-
210960,3
210975,-
210980,-
210990,1
211000,4
211003,-
211010,-
211020,-
211027,-
211030,1
211040,-
211050,-
211060,-
211065,-
211070,-
211080,-
211085,-
211100,1
211102,-
211105,-
211107,-
211110,-
211120,-
211125,-
211130,64
211140,-
211150,-
211153,1
211157,-
211160,-
211163,-
211167,-
211170,-
211172,-
211174,-
211176,-
211178,-
211180,-
211190,-
211210,-
211220,2
211223,-
211227,-
211230,-
211240,-
211245,-
211250,-
211260,-
211270,-
211280,1
211285,-
211290,2
211300,-
211400,-
210000,-
220005,-
220010,-
220020,-
220025,1
220027,-
220030,-
220040,-
220045,-
220050,-
220070,-
220080,-
220090,-
220100,-
220105,-
220110,-
220115,-
220120,-
220140,-
220150,1
220157,-
220160,-
220170,-
220173,-
220180,-
220190,-
220196,-
220200,-
220202,-
220205,-
220209,-
220210,-
220211,-
220220,-
220230,-
220240,-
220245,-
220250,1
220253,-
220255,1
220260,-
220265,-
220270,-
220271,-
220272,-
220273,-
220275,-
220280,-
220285,-
220290,-
220300,-
220310,-
220320,-
220327,-
220325,-
220330,-
220340,-
220345,-
220350,-
220370,1
220380,-
220390,2
220400,-
220415,-
220420,-
220430,1
220435,-
220440,-
220450,-
220455,-
220465,-
220470,-
220480,-
220490,-
220500,-
220510,-
220515,2
220520,1
220540,-
220550,1
220551,-
220552,-
220553,-
220555,-
220558,-
220559,1
220560,-
220570,-
220580,1
220585,-
220590,1
220595,-
220605,-
220610,-
220620,1
220630,-
220635,-
220640,-
220650,-
220660,-
220665,-
220667,-
220670,-
220672,-
220680,-
220795,1
220690,-
220700,1
220710,-
220720,-
220730,-
220740,-
220750,-
220755,-
220760,-
220770,-
220777,-
220780,2
220785,-
220790,-
220800,2
220810,1
220820,1
220830,1
220840,-
220850,-
220860,-
220870,-
220880,-
220890,-
220900,1
220910,-
220920,-
220930,-
220937,-
220940,-
220950,-
220965,-
220985,-
220987,-
220990,-
220995,-
220997,-
221000,-
221020,1
221030,-
221035,-
221037,1
221040,-
221050,-
221060,-
221062,-
221065,-
221070,2
221080,-
221090,-
221093,-
221095,-
221100,71
221110,-
221120,-
221130,-
221150,-
221160,-
221170,-
230010,-
230015,-
230020,-
230030,2
230040,3
230060,-
230070,1
230075,1
230080,-
230090,-
230100,5
230110,-
230120,2
230125,-
230130,1
230140,-
230150,2
230160,2
230170,-
230180,-
230185,-
230190,10
230195,-
230200,1
230205,-
230210,-
230220,1
230230,-
230240,2
230250,-
230260,-
230270,3
230280,4
230290,1
230300,-
230310,-
230320,-
230330,-
230340,1
230350,1
230360,1
230365,-
230370,29
230380,-
230390,-
230393,-
230395,2
230400,-
230410,3
230420,10
230423,2
230425,-
230426,-
230427,-
230428,2
230430,5
230435,-
230440,340
230445,-
230450,-
230460,-
230465,-
230470,-
230480,1
230490,-
230495,-
230500,2
230510,1
230520,1
230523,5
230526,-
230530,1
230533,-
230535,-
230540,9
230550,6
230560,-
230565,-
230570,2
230580,1
230590,1
230600,-
230610,-
230620,-
230625,1
230630,2
230640,1
230650,1
230655,-
230660,1
230670,1
230680,-
230690,3
230700,1
230710,3
230720,-
230725,-
230730,24
230740,1
230750,2
230760,2
230763,-
230765,34
230770,4
230780,-
230790,-
230800,-
230810,3
230820,-
230830,-
230835,-
230837,-
230840,-
230850,12
230860,-
230870,12
230880,-
230890,-
230900,1
230910,-
230920,1
230930,2
230940,3
230945,4
230950,1
230960,8
230970,5
230980,-
231000,-
231010,-
231020,1
231025,-
231030,1
231040,1
231050,3
231060,-
231070,1
231080,-
231085,-
231090,-
231095,1
231100,-
231110,-
231120,-
231123,-
231126,1
231130,5
231135,1
231140,4
231150,-
231160,-
231170,-
231180,-
231190,1
231195,2
231220,1
231200,-
231210,3
231230,1
231240,3
231250,-
231260,-
231270,2
231280,-
231290,7
231300,1
231310,1
231320,2
231325,1
231330,5
231335,-
231340,1
231350,1
231355,1
231360,-
231370,-
231375,1
231380,-
231390,-
231395,-
231400,-
231410,-
230000,-
240010,-
240020,7
240030,-
240040,-
240050,1
240060,-
240070,1
240080,1
240090,-
240100,1
240110,-
240120,2
240130,1
240140,-
240145,3
240150,-
240160,-
240165,-
240170,-
240180,-
240185,-
240200,4
240210,-
240220,1
240230,2
240240,-
240250,1
240260,3
240270,1
240280,-
240290,-
240300,-
240310,2
240320,-
240330,-
240340,-
240350,-
240360,3
240370,-
240375,-
240380,-
240390,-
240400,-
240410,-
240420,-
240430,-
240440,-
240450,-
240460,-
240470,2
240480,-
240485,-
240490,-
240500,-
240510,-
240520,-
240530,-
240540,-
240550,-
240560,-
240570,-
240580,2
240590,-
240600,-
240610,-
240620,-
240630,-
240650,-
240660,-
240670,-
240680,-
240690,1
240700,-
240710,7
240720,1
240725,-
240730,-
240740,-
240750,-
240760,1
240770,-
240780,-
240790,-
240800,24
240810,39
240820,-
240830,1
240840,2
240850,-
240860,-
240870,-
240880,-
240890,2
240325,7
240910,1
240920,-
240930,2
240940,2
240950,-
240960,-
240970,-
240980,-
240990,3
241000,-
241010,-
241020,-
241025,-
241040,-
241050,-
241060,1
241070,-
241080,-
241090,-
240895,-
241100,-
241110,-
241120,1
240933,-
241140,-
241142,-
241150,-
241160,1
241180,-
241190,-
241200,-
241210,-
241220,5
241230,-
241250,-
241255,-
241260,-
241270,-
241280,-
241290,-
241300,-
241310,-
241320,1
241030,-
241330,-
241335,2
241340,-
241350,-
241355,-
241360,-
241370,-
241380,-
241390,2
241400,-
241410,-
241415,-
241105,-
241420,-
241430,-
241440,-
241445,-
241450,1
241460,-
241470,-
241475,-
241480,-
241490,-
240000,-
250010,1
250020,-
250030,-
250040,-
250050,-
250053,1
250057,-
250060,-
250073,-
250077,1
250080,1
250090,1
250100,-
250110,-
250115,-
250120,-
250130,-
250135,-
250140,-
250150,1
250153,-
250160,-
250157,-
250170,-
250180,-
250190,1
250200,-
250210,1
250215,-
250220,-
250230,2
250240,-
250250,-
250270,-
250280,2
250290,-
250300,3
250310,-
250320,5
250330,-
250340,-
250350,1
250355,-
250360,-
250370,2
250375,-
250380,-
250390,-
250400,96
250403,-
250407,-
250410,-
250415,-
250420,-
250430,3
250435,-
250440,-
250450,-
250460,3
250470,-
250480,-
250485,-
250490,-
250500,-
250510,2
250523,-
250520,-
250527,-
250530,-
250535,-
250540,-
250560,-
250570,-
250580,-
250590,-
250600,-
250610,-
250620,-
250625,-
250630,2
250640,-
250660,-
250260,-
250670,-
250680,1
250690,1
250700,-
250710,-
250720,-
250730,-
250740,1
250750,187
251365,-
250760,-
250770,-
250780,-
250790,-
250800,-
250810,-
250820,-
250830,1
250850,-
250855,-
250860,-
250870,1
250880,-
250890,-
250900,-
250905,-
250910,-
250915,-
250920,-
250930,1
250933,-
250937,1
250939,-
250940,-
250950,-
250960,-
250970,-
250980,-
250990,-
251000,1
251010,1
251020,-
251030,-
251040,-
251050,-
251060,-
251065,-
251070,-
251080,11
251090,11
251100,-
251110,-
251120,-
251272,-
251130,1
251140,-
251150,2
251160,-
251170,-
251180,-
251190,-
251200,-
251203,-
251207,-
251210,-
251220,1
251230,-
251240,-
251250,-
251260,-
251270,-
251274,-
251275,-
251276,-
251280,-
251290,-
251310,-
251315,-
251320,1
251330,-
251335,-
251340,2
251370,8
251380,-
251350,-
251360,-
251385,-
251392,-
251390,6
251394,-
251398,-
251400,-
250070,-
251410,-
251420,-
251430,-
251440,-
251450,-
251455,1
251460,-
251470,-
251480,-
251445,-
251490,-
251500,-
251510,-
251520,-
251540,-
251530,6
251550,-
251580,-
251590,-
251593,-
251597,1
251600,2
251610,3
251615,-
251620,1
251630,-
251640,-
251650,-
251660,-
251670,1
251675,-
251680,-
251690,-
251700,2
251710,1
250550,-
251740,-
250000,-
260005,32
260010,8
260020,1
260030,8
260040,21
260050,14
260060,2
260070,3
260080,5
260090,7
260100,3
260105,2
260110,12
260120,28
260130,1
260140,13
260150,1
260160,5
260170,25
260180,2
260190,25
260200,1
260210,5
260220,6
260230,1
260240,1
260250,-
260260,24
260270,-
260280,10
260290,70
260300,6
260310,1
260320,1
260330,-
260340,-
260345,49
260350,7
260360,-
260370,8
260380,1
260390,5
260392,2
260400,21
260410,109
260415,1
260420,7
260430,-
260440,2
260450,1
260460,4
260470,-
260480,6
260490,-
260500,15
260510,6
260515,-
260520,32
260530,4
260540,-
260550,-
260560,4
260570,16
260580,-
260590,7
260600,58
260610,9
260620,47
260630,-
260640,22
260650,1
260660,5
260670,2
260680,31
260690,6
260760,6
260700,3
260710,-
260720,24
260730,2
260740,-
260750,2
260765,8
260770,1
260775,4
260780,3
260790,385
260795,1
260800,4
260805,4
260810,6
260820,5
260825,-
260830,4
260840,5
260850,2
260845,1
260860,2
260870,-
260875,15
260880,8
260890,30
260900,-
260910,2
260915,3
260920,2
260930,5
261430,-
260940,16
260950,5
260960,276
260970,1
260980,5
260990,9
261000,25
261010,1
261020,-
261030,-
261040,5
261050,2
261060,13
261070,113
261080,4
261090,6
261100,16
261110,111
261120,4
261130,8
261140,3
261150,5
261153,3
261160,1227
261170,2
261180,25
261190,4
261200,-
261210,1
261220,13
261230,2
261240,7
261245,2
261247,1
261250,29
261255,1
261260,14
261270,2
261280,-
261290,-
261300,13
261310,9
261320,1
261330,1
261340,6
261350,6
261360,2
261370,71
261380,3
261390,23
261400,1
261410,4
261420,15
261440,1
261450,7
261460,3
261470,-
261480,4
261485,6
261500,8
261510,1
261520,-
261530,11
261540,7
261550,3
261560,5
261570,1
261580,3
261590,2
261600,-
261610,1
261618,4
261620,-
261630,1
261640,43
261650,3
260000,-
270010,2
270020,3
270030,42
270040,2
270050,-
270060,-
270070,3
270080,-
270090,2
270100,4
270110,2
270120,2
270130,2
270135,-
270140,3
270150,1
270160,2
270170,1
270180,-
270190,-
270200,-
270210,1
270220,-
270230,3
270235,-
270240,5
270250,2
270255,2
270260,2
270270,-
270280,2
270290,1
270300,-
270310,5
270320,4
270330,3
270340,-
270350,1
270360,2
270370,-
270375,-
270380,2
270390,1
270400,1
270410,2
270420,3
270430,249
270440,2
270490,-
270450,3
270460,-
270470,6
270480,-
270500,7
270510,-
270520,1
270530,1
270540,-
270550,4
270560,1
270570,4
270580,1
270590,1
270600,3
270610,-
270620,-
270630,10
270640,4
270642,-
270644,-
270650,1
270660,-
270670,5
270680,3
270690,4
270700,-
270710,1
270720,2
270730,-
270740,-
270750,6
270760,2
270770,5
270780,1
270790,1
270800,4
270810,2
270820,-
270830,2
270840,5
270850,2
270860,6
270870,-
270880,5
270890,1
270895,1
270900,-
270910,1
270915,2
270920,1
270930,7
270940,2
280010,-
280020,-
280030,136
280040,-
280050,-
280060,3
280067,3
280070,-
280100,-
280110,-
280120,5
280130,4
280140,1
280150,1
280160,-
280170,-
280190,-
280200,1
280210,8
280220,2
280230,1
280240,-
280250,-
280260,-
280270,-
280280,1
280290,22
280300,3
280310,-
280320,-
280330,3
280340,-
280350,11
280360,2
280370,-
280380,-
280390,-
280400,-
280410,-
280420,1
280430,-
280440,2
280445,-
280450,2
280460,4
280470,-
280480,26
280490,-
280500,-
280510,-
280520,2
280530,-
280540,-
280550,-
280560,1
280570,3
280580,-
280590,2
280600,1
280610,4
280620,2
280630,2
280650,-
280640,-
280660,-
280670,9
280680,1
280690,-
280700,-
280710,1
280720,-
280730,-
280740,8
280750,1
280760,-
280000,-
290010,-
290020,2
290030,-
290035,1
290040,-
290060,-
290070,29
290080,-
290090,-
290100,-
290110,1
290115,-
290120,-
290130,-
290135,-
290140,-
290150,-
290160,-
290170,-
290180,-
290190,1
290195,-
290205,-
290200,-
290210,-
290220,1
290225,1
290230,-
290240,1
290250,-
290260,-
290265,1
290270,-
290280,1
290290,4
290300,1
290310,-
290320,2
290323,1
290330,-
290327,-
290340,1
290350,-
290360,1
290370,-
290380,-
290390,3
290395,-
290400,-
290405,-
290410,-
290420,-
290430,-
290440,1
290450,-
290460,-
290470,1
290475,-
290480,-
290485,-
290490,-
290500,2
290510,-
290515,-
290520,-
290530,-
290540,-
290550,-
290560,3
290570,17
290580,2
290590,-
290600,4
290610,1
290620,-
290630,1
290640,-
290650,3
290660,-
290670,2
290680,-
290682,2
290685,-
290687,3
290689,-
290690,-
290700,-
290710,1
290720,2
290730,1
290750,4
290755,-
290760,3
290770,2
290780,-
290790,-
290800,1
290810,-
290820,-
290830,1
290840,1
290850,-
290860,3
290870,-
290880,-
290890,-
290900,-
290910,-
290920,-
290930,1
290940,-
290950,2
290960,-
290970,-
290980,2
290990,8
291000,-
291005,4
291010,-
291020,-
291030,-
291040,-
291050,3
290050,-
291060,-
291070,-
291072,22
291075,-
291077,-
291080,48
291085,-
291090,-
291100,1
291110,-
291120,2
291125,-
291130,-
291140,1
291150,-
291160,1
291170,-
291180,2
291185,-
291190,1
291200,-
291210,5
291220,-
291230,-
291240,1
291250,-
291260,-
291270,1
291280,-
291290,1
291300,-
291310,1
291320,1
291330,-
291340,-
291345,-
291350,-
291360,28
291370,1
291380,-
291390,2
291400,-
291410,1
291420,-
291430,-
291440,-
291450,2
291460,1
291465,2
291470,-
291480,58
291490,-
291500,-
291510,-
291520,-
291530,1
291535,-
291540,-
291550,-
291560,2
291570,1
291580,-
291590,-
291600,-
291610,2
291620,-
291630,1
291640,-
291650,1
291660,-
291670,1
291680,-
291685,-
291690,-
291700,1
291710,-
291720,-
291730,1
291733,-
291735,-
291740,-
291750,8
291760,2
291770,-
291780,1
291790,3
291800,3
291810,1
291820,-
291830,-
291835,1
291840,58
291845,-
291850,-
291855,-
291860,-
291870,-
291875,-
291880,1
291890,-
291900,-
291905,-
291910,-
291915,-
291920,1
291930,-
291940,1
291950,-
291955,-
291960,-
291970,-
291980,-
291990,-
291992,-
291995,-
292000,-
292010,2
292020,-
292040,-
292050,-
292060,-
292070,1
292080,1
292090,-
292100,-
292105,-
292110,2
292120,1
292130,-
292140,-
292145,-
292150,2
292160,-
292170,-
292180,-
292190,-
292200,2
292205,-
292210,-
292220,2
292225,-
292230,1
292240,2
292250,-
292260,-
292265,-
292270,-
292273,-
292275,1
292280,1
292285,-
292290,-
292300,1
292303,-
292305,-
292310,-
292320,1
292330,-
292335,-
292340,-
292350,-
292360,-
292370,-
292380,1
292390,1
292400,10
292405,-
292410,1
292420,-
292430,-
292440,-
292450,-
292460,-
292465,-
292467,1
292470,-
292480,1
292490,-
292500,-
292510,3
292520,3
292525,1
292530,17
292540,-
292550,-
292560,1
292570,-
292575,-
292580,-
292590,-
292593,-
292595,-
292600,4
292610,-
292620,-
292630,-
292640,-
292650,-
292660,1
292665,-
292670,-
292680,-
292690,-
292700,1
292710,-
292720,1
292730,-
292740,209
292750,2
292760,-
292770,1
292780,-
292790,-
292805,1
292810,-
292850,-
292800,-
292820,-
292830,-
292860,4
292870,8
292880,-
292890,1
292910,-
292900,-
292905,-
292920,-
292925,-
292930,-
292935,-
292937,-
292940,-
292950,1
292960,-
292970,-
292975,-
292980,-
292990,-
293000,-
293010,3
293020,1
293015,-
293030,-
293040,-
293050,1
293060,-
293070,3
293075,-
293076,-
293077,-
293080,-
293100,-
293105,-
293110,-
293120,1
293130,-
293135,2
293140,1
293150,1
293160,-
293170,-
293180,1
293190,-
293200,1
293210,1
293220,3
293230,1
293240,-
293245,-
293250,-
293260,1
293270,2
293280,-
293290,7
293300,-
293305,-
293310,-
293315,1
293317,-
293320,-
293325,-
293330,25
293340,-
293345,-
293350,-
293360,2
290000,-
310010,-
310020,-
310030,-
310040,-
310050,1
310060,3
310080,-
310090,-
310100,-
310110,-
310120,-
310130,-
310140,1
310150,-
310160,3
310163,-
310170,-
310180,1
310190,-
310200,-
315350,3
310210,-
310220,-
310230,-
310240,-
310250,-
310260,-
310280,-
310285,-
310290,2
310300,3
310320,-
310340,-
310350,7
310360,-
310370,-
310375,-
310380,-
310390,-
310400,-
310410,-
310420,5
310430,-
310440,-
310445,-
310450,-
310460,-
310470,-
310480,-
310490,1
310500,-
310510,-
310530,-
310540,-
310560,3
310570,-
310590,-
310600,-
310610,1
310620,622
310630,3
310640,-
310650,-
310660,-
310670,91
310680,-
310700,-
310710,2
310720,-
310730,-
310740,-
310750,-
310770,-
310780,1
310790,-
310810,-
310820,-
310825,-
310840,-
310850,-
310870,-
310855,-
310860,-
310880,-
310890,1
310900,1
310910,1
310920,-
310925,-
310930,1
310940,-
310945,2
310960,-
310970,1
310270,1
310980,-
310990,-
311000,-
311010,-
311020,-
311050,-
311060,-
311070,-
311080,-
311090,-
311100,-
311110,-
311115,-
311120,1
311130,2
311140,-
311150,-
311160,-
311190,-
311170,-
311180,1
311200,-
311205,-
311210,1
311230,-
311240,-
311250,-
311260,1
311265,-
311270,-
311280,-
311290,-
311300,1
311310,1
311320,4
311330,1
311340,-
311350,-
311360,-
311370,-
311380,-
311390,-
311400,-
311410,-
311420,1
311430,-
311440,-
311450,-
311455,-
311480,-
311510,-
311530,-
311535,-
311540,-
311545,-
311547,-
311550,-
311570,-
311580,-
311600,1
311610,-
311615,-
311620,-
311630,-
311640,-
311650,-
311660,-
311670,-
311680,-
311690,-
311700,-
311710,-
311730,-
311720,-
311740,-
311750,-
311760,-
311770,-
311780,-
311783,-
311787,-
311800,-
311810,-
311820,-
311830,-
311840,1
311850,-
311860,165
311870,1
311880,1
311890,-
311910,-
311920,-
311930,-
311940,6
311950,-
311980,-
312000,1
312015,-
312020,-
312030,-
312040,-
312060,-
312070,-
312080,-
312083,-
312090,-
312100,-
312110,-
312125,-
312130,-
312150,-
312160,1
312170,-
312180,-
312190,-
312200,1
312210,-
312220,-
312230,2
312235,-
312240,-
312245,-
312250,-
312270,-
312300,-
312310,-
312320,-
312330,-
312352,-
312360,1
312370,-
312380,-
312385,-
312390,-
312400,2
312410,2
312420,1
312430,-
312450,-
312460,-
312470,-
312480,-
312490,-
312500,-
312510,-
312530,-
312540,-
312560,-
312570,-
312580,-
312590,-
312595,1
312600,1
312610,-
312620,-
312640,-
312650,-
312660,-
312670,-
312675,-
312680,-
312690,-
312695,-
312700,-
312705,-
312707,1
312710,10
312720,-
312730,-
312733,-
312737,-
312750,-
312760,-
312770,83
312780,-
312800,-
312810,2
312820,-
312825,-
312830,-
312840,1
312860,-
312870,1
312880,-
312890,-
312900,-
312910,-
312930,-
312950,-
312960,-
312965,-
312970,-
312980,19
313005,-
313010,2
313020,-
313050,-
313055,1
313065,-
313070,1
313090,1
313100,-
313115,-
313120,-
313130,14
313140,-
313150,-
313160,-
313170,2
313180,-
313190,-
313200,-
313210,-
313220,1
313230,-
313240,-
313250,-
313270,-
313290,-
313300,-
313310,-
313320,-
313330,1
313340,-
313350,-
313360,-
313370,-
313375,-
313380,1
313400,-
313410,-
313420,4
313440,-
313450,-
313460,-
313470,-
313480,-
313490,-
313500,-
313505,-
313507,-
313510,8
313520,-
313535,-
313540,-
313545,-
313550,-
313560,-
313570,-
313580,-
313600,-
313610,-
313620,-
313630,-
313640,-
313650,-
313652,-
313655,-
313657,-
313665,2
313670,18
313680,-
313690,-
313695,-
313700,-
313710,-
313720,-
313730,-
313740,-
313750,1
313753,-
313760,-
313770,-
313780,1
313790,-
313800,-
313810,-
313820,1
313830,-
313835,1
313840,1
313850,-
313860,-
313862,-
313865,-
313867,-
313870,-
313880,-
313890,-
313900,-
313910,-
313920,2
313930,-
313940,4
313950,-
313960,-
313980,-
313970,-
314000,1
314010,-
314015,-
314030,-
314050,-
314053,-
314055,-
314060,1
314070,-
317150,-
314080,-
314085,-
314090,-
314100,-
314110,-
314120,-
314140,-
314150,-
314160,-
314170,-
314180,1
314190,-
314200,-
314210,-
314220,-
314225,-
314230,-
314240,-
314260,-
314270,-
314280,-
314290,-
314300,1
314310,1
314315,-
314320,-
314340,-
314330,7
314350,-
314360,-
314370,-
314380,-
314390,6
314400,2
314410,-
314420,1
314430,-
314435,-
314437,-
314450,-
314460,1
314465,-
314467,-
314470,-
314480,-
314490,-
314500,-
314505,-
314510,-
314520,1
313660,-
314530,-
314535,-
314545,-
314560,-
314570,-
314585,-
314587,1
314590,-
314600,-
314610,1
314620,-
314625,-
314630,-
314655,-
314640,-
314650,-
314670,-
314675,-
314690,2
314710,7
314700,2
314720,-
314730,-
314740,-
314760,-
314770,-
314780,-
314750,-
314790,1
314800,3
314810,4
314820,-
314830,1
314840,1
314850,-
314860,-
314870,-
314875,-
314880,-
314890,2
314900,-
314910,-
314915,-
314930,4
314940,-
314960,1
314970,-
314980,-
314990,1
314995,1
315000,-
315010,-
315015,-
315020,-
315030,-
315040,-
315050,-
315053,-
315060,-
315070,1
315080,-
315090,-
315100,-
315110,-
315120,4
315130,-
315140,-
315150,-
315160,-
315170,-
315180,-
315190,-
315200,-
315210,-
315217,-
315220,-
315230,1
315240,-
315250,4
315260,-
315280,-
315290,-
315310,-
315320,-
315340,2
315360,-
315390,-
315400,-
315410,2
315415,-
315420,-
315430,-
315445,-
315450,-
315460,33
315480,-
315490,-
315520,-
315530,-
315540,-
315550,-
315560,-
315570,1
315580,-
315600,2
315610,-
315630,-
315640,-
315645,-
315650,-
315660,-
315670,2
315680,1
315690,1
315700,1
315710,-
315720,-
315725,-
315727,-
315730,-
315733,-
315737,-
315740,-
315750,-
315760,-
315765,-
315770,-
315780,19
315790,-
315800,-
315810,-
315820,-
315920,-
315930,1
315935,-
315950,-
315960,1
315970,-
315980,3
315840,-
315850,-
315890,-
315895,3
315990,-
316010,-
316020,-
316030,-
316040,-
316070,3
316080,-
316095,-
316100,-
316105,-
316110,-
316130,-
316140,1
316150,-
316160,-
316165,-
316170,-
316180,-
316190,-
312550,-
316200,-
316210,2
316220,-
316225,-
316240,-
316245,-
316250,1
316255,1
316257,-
316260,-
316265,-
316270,-
316280,-
316290,-
316292,1
316294,-
316295,-
316300,-
316310,-
316320,-
316330,-
316340,-
316350,-
316360,-
316370,3
316380,-
316390,-
316410,-
316400,-
316420,-
316443,-
316447,-
316450,-
316460,-
316470,1
316480,1
316490,-
316520,-
316500,-
316510,-
316540,1
316550,-
316553,-
316556,-
316557,-
316570,-
316580,-
316600,-
316610,-
316630,-
316650,-
316680,-
316670,-
316690,-
316695,-
316710,-
316720,-
316555,-
316730,-
316750,-
316760,-
316770,-
316780,-
316800,-
316805,-
316810,1
316820,-
316830,-
316840,1
316850,1
316860,3
316870,2
316880,-
316890,1
316900,-
316905,-
316910,-
316930,2
316935,-
316940,2
316950,-
316960,-
316970,-
316990,-
317000,-
317005,-
317010,18
317020,37
317040,1
317043,-
317047,-
317050,-
317052,-
317057,-
317070,-
317075,1
317080,-
317090,-
317100,1
317103,-
317110,-
317115,-
317120,11
317130,3
317140,-
317160,-
317180,-
317190,-
317200,-
317210,-
317220,-
310000,3
320010,6
320016,1
320013,3
320020,2
320030,2
320035,1
320040,2
320050,-
320060,5
320070,-
320080,10
320090,5
320100,-
320110,-
320115,2
320120,19
320130,164
320140,1
320150,13
320160,8
320170,-
320180,-
320190,4
320200,-
320210,-
320220,1
320225,-
320230,-
320240,35
320245,1
320250,1
320255,-
320260,1
320265,1
320270,1
320280,2
320290,-
320300,2
320305,4
320310,-
320313,-
320316,-
320320,19
320330,1
320332,2
320334,-
320335,-
320340,1
320350,-
320360,-
320370,3
320380,1
320390,2
320400,7
320405,2
320410,7
320420,1
320425,-
320430,-
320435,1
320440,-
320450,-
320455,4
320460,1
320465,1
320470,1
320480,-
320490,12
320495,-
320500,273
320501,1
320503,-
320506,2
320510,33
320515,1
320517,-
320520,151
320530,185
330010,39
330015,-
330020,12
330022,1
330023,6
330025,12
330030,9
330040,53
330045,163
330050,1
330060,1
330070,89
330080,23
330090,2
330100,124
330110,1
330093,5
330115,2
330120,-
330130,2
330095,1
330140,7
330150,1
330160,1
330170,461
330180,4
330185,14
330187,2
330190,119
330200,36
330205,1
330210,3
330220,17
330225,2
330227,15
330230,-
330240,72
330245,2
330250,50
330260,9
330270,39
330280,2
330285,-
330290,4
330300,-
330310,-
330320,91
330330,282
330340,61
330350,630
330360,3
330370,3
330380,3
330385,2
330390,35
330395,4
330400,9
330410,-
330411,3
330412,-
330414,49
330415,-
330420,28
330430,11
330440,2
330450,-
330452,24
330455,2760
330460,-
330470,-
330480,8
330475,1
330490,331
330500,3
330510,138
330513,-
330515,-
330520,22
330530,-
330540,1
330550,15
330555,27
330560,5
330570,-
330575,6
330580,21
330590,-
330600,15
330610,6
330615,-
330620,7
330630,119
330000,-
350010,-
350030,3
350040,2
350050,-
350055,-
350070,2
350075,-
350090,-
350100,-
350110,-
350115,-
350130,4
350140,-
350160,10
350170,1
350180,-
350190,3
350200,-
350210,4
350220,-
350230,-
350250,4
350260,-
350270,-
350275,3
350280,31
350290,-
350300,-
350310,-
350315,-
350320,24
350330,6
350335,-
350340,-
350350,-
350360,-
350380,3
350390,36
350400,13
350410,18
350420,1
350430,-
350440,1
350450,1
350460,1
350480,-
350490,-
350500,-
350520,-
350530,1
350535,-
350540,-
350550,2
350560,3
350570,59
350580,1
350590,3
350600,16
350610,1
350620,1
350630,-
350635,2
350640,2
350650,15
350660,-
350670,-
350680,-
350690,-
350700,-
350710,2
350715,-
350720,-
350740,-
350750,11
350760,11
350770,-
350775,-
350780,3
350790,-
350800,-
350810,1
350820,-
350830,-
350840,3
350850,13
350860,-
350870,-
350880,-
350900,10
350910,-
350920,3
350925,1
350930,-
350940,1
350945,-
350950,474
350960,-
350970,2
350980,-
350990,-
350995,-
351000,2
351020,12
351030,-
351040,-
351050,46
351060,70
351070,-
351080,1
351100,-
351110,4
351120,-
351130,-
351140,1
351150,-
351160,1
351170,-
355720,-
351190,-
351200,-
351210,-
351220,1
351230,-
351240,-
351250,-
351260,-
351270,1
351280,13
351290,-
351300,75
351310,2
351330,-
351340,2
351350,22
351360,-
351370,-
351380,413
351385,-
351390,-
351400,-
351410,-
351420,-
351430,2
351440,2
351450,-
351460,-
351470,-
351480,-
351490,1
351492,-
351500,119
351510,26
351515,-
351518,3
351519,1
355730,-
351520,-
351530,-
351535,-
351540,1
351560,-
351550,2
351570,55
351600,-
351610,3
351620,6
351630,51
351640,26
351660,-
351670,5
351685,-
351690,-
351700,1
351710,-
351720,-
351730,-
351740,-
351750,-
351760,-
351770,-
351780,-
351790,-
351810,1
351820,-
351830,4
351840,7
351850,-
351860,3
351870,58
351880,741
351885,-
351900,-
351905,1
351907,45
351910,-
351920,-
351925,-
351930,-
351940,-
351950,-
351960,-
351970,10
351980,1
351990,-
352000,-
352010,1
352020,-
352030,-
352042,-
352044,-
352040,4
352050,29
352060,-
352070,1
352080,-
352090,1
352100,-
352110,-
352115,-
352120,-
352130,-
352140,-
352150,-
352170,-
352180,2
352190,-
352210,16
352215,1
352220,82
352230,11
352240,2
352250,63
352260,12
352265,-
352270,-
352280,-
352290,-
352310,162
352320,5
352330,2
352340,1
352350,-
352360,1
352370,-
352380,2
352390,13
352400,1
352410,2
352430,8
352440,72
352450,-
352460,1
352470,5
352480,-
352490,1
352500,23
352510,1
352520,2
352530,3
352540,-
352550,-
352560,-
352570,1
352585,-
352590,29
352600,-
352610,-
352620,5
352630,-
352640,3
352650,-
352660,1
352670,5
352680,1
352690,28
352710,1
352720,20
352730,1
352740,-
352750,-
352760,2
352770,1
352780,1
352800,-
352820,2
352830,-
352840,3
352850,8
352860,-
352880,-
352890,1
352900,18
352920,2
352930,6
352940,161
352970,1
352980,-
352990,1
353010,1
353020,2
353030,-
353050,1
353060,23
353070,8
353080,6
353090,-
353110,11
353130,-
353140,-
353150,-
353180,15
353170,-
353190,-
353200,-
353205,-
353210,-
353220,-
353230,2
353240,3
353250,-
353260,-
353280,-
353290,-
353300,1
353340,3
353325,-
353350,2
353360,-
353380,-
353390,1
353400,-
353410,-
353420,-
353430,2
353440,229
353460,-
353470,1
353480,-
353475,-
353490,-
353500,-
353510,-
353520,-
353530,3
353540,1
353550,6
353560,1
353580,-
353600,-
353610,-
353620,2
353625,-
353630,-
353640,-
353650,11
353657,-
353660,-
353670,3
353680,-
353690,-
353700,-
353710,2
353715,-
353720,-
353730,1
353740,1
353750,-
353760,15
353770,-
353780,-
353790,-
353800,13
353810,-
353820,1
353830,-
353850,-
353860,-
353870,24
353880,1
353890,-
353900,-
353910,-
353920,-
353930,2
353940,2
353950,1
353960,-
353970,-
353980,8
353990,-
354000,-
354020,1
354040,1
354050,-
354060,2
354070,4
354075,1
354080,-
354090,1
354100,101
354120,2
354130,10
354140,21
354150,-
354160,-
354165,-
354170,2
354180,-
354190,-
354210,-
354220,-
354230,-
354240,2
354250,-
354260,2
354270,-
354280,-
354290,-
354300,-
354320,-
354325,-
354330,15
354340,176
354360,-
354370,-
354380,-
354390,28
354400,3
354410,6
354420,-
354350,-
354425,2
354430,-
354440,1
354460,-
354480,-
354490,1
354500,-
354515,-
354520,3
354530,2
354540,-
354550,-
354560,-
354580,19
354600,1
354610,-
354620,-
354625,-
354630,-
354640,2
354650,-
354660,-
354670,-
354680,3
354690,2
354700,1
354710,-
354750,-
354760,-
354765,-
354730,21
354770,-
354780,259
354790,-
354800,4
354805,-
354820,-
354840,1
354850,43
354860,-
354870,284
354880,22
354890,22
354910,-
354920,-
354940,2
354950,-
354960,1
354970,-
354980,33
354990,235
354995,6
355000,2
355010,2
355020,-
355030,3878
355040,4
355050,-
355060,4
355070,30
355080,-
355090,3
355100,79
355110,-
355120,-
355140,-
355160,1
355150,3
355170,14
355180,1
355190,-
355200,-
355210,3
355220,37
355230,-
355240,98
355255,-
355250,63
355260,-
355270,-
355280,88
355290,1
355310,-
355320,-
355330,-
355340,2
355350,-
355360,-
355365,-
355370,1
355380,-
355385,-
355395,1
355400,15
355410,31
355420,-
355430,3
355440,-
355450,-
355470,-
355480,4
355490,-
355495,-
355500,4
355510,1
355520,-
355540,31
355560,-
355580,-
355600,-
355620,4
355630,-
355635,-
355640,1
355645,14
355650,9
355660,1
355670,4
355680,1
355700,3
355710,-
350000,-
410010,1
410020,1
410030,1
410040,18
410045,-
412862,-
410060,-
410070,-
410050,-
410080,-
410090,-
410100,-
410110,-
410115,-
410120,2
410130,-
410140,8
410150,1
410160,3
410165,-
410170,-
410180,9
410190,-
410200,1
410210,-
410220,-
410230,-
410240,5
410250,-
410260,1
410275,2
410280,-
410290,1
410300,-
410302,-
410304,1
410305,-
410310,1
410315,-
410320,-
410322,-
410330,1
410335,-
410337,-
410340,-
410345,-
410347,-
410350,1
410360,1
410370,4
410380,-
410390,-
410395,-
410400,9
410405,-
410410,1
410420,11
410425,4
410430,6
410440,-
410442,1
410445,3
410450,-
410460,1
410465,-
410470,1
410480,64
410490,6
410500,2
410510,-
410520,3
410530,-
410540,2
410550,2
410560,-
410570,1
410580,28
410590,-
410600,1
410610,1
410620,-
410630,2
410640,1
410645,1
410650,2
410655,-
410680,1
410657,-
410660,1
410670,-
410685,-
410690,284
410700,-
410715,1
410710,-
410712,-
410720,-
410725,-
410730,1
412863,-
410740,-
410750,1
410753,-
410752,-
410754,1
410755,-
410760,1
410765,14
410770,1
410773,1
410775,2
410785,2
410780,-
410790,-
410800,-
410810,-
410820,-
410830,150
410845,-
410832,-
410840,6
410850,1
410855,1
410860,2
410865,-
410870,-
410880,9
410890,-
410895,-
410900,-
410920,-
410930,4
410940,20
410950,-
410960,1
410965,1
410970,1
410975,1
410980,4
410990,-
411000,-
411007,3
411010,2
411020,1
411030,-
411040,-
411050,-
411060,1
411065,-
411070,1
411080,-
411090,-
411095,1
411100,-
411110,-
411120,-
411125,5
411130,-
411140,2
411150,1
411155,-
411160,-
411180,-
411190,-
411200,-
411210,1
411220,1
411240,-
411250,-
411270,-
411275,-
411280,1
411290,-
411295,-
411300,-
411320,1
411325,1
411330,8
411340,-
411342,-
411345,-
411350,-
411360,-
411370,52
411373,-
411375,-
411380,-
411390,-
411400,-
411410,-
411420,2
411430,3
411435,-
411440,1
411450,-
411460,-
411470,1
411480,2
411490,1
411500,-
411510,-
411520,11
411530,2
411535,-
411540,2
411545,2
411550,-
411560,-
411570,1
411573,-
411575,1
411580,8
411585,-
411590,1
411605,-
411610,-
411620,-
411630,1
411640,-
411650,1
411660,-
411670,1
411680,2
411690,-
411695,-
411700,-
411705,1
411710,-
411720,-
411725,-
411721,-
411722,-
411727,1
411729,-
411730,5
411740,-
411745,2
411750,2
411760,4
411770,-
411780,5
411790,1
411800,1
411810,-
411820,21
411830,-
411840,2
411845,-
411850,2
411880,1
411885,-
411890,-
411900,-
411910,2
411915,12
411925,-
411920,-
411930,5
411940,-
411950,20
411960,1
411970,-
411980,-
411990,20
411995,2
412000,-
412010,-
412015,1
412020,-
412030,-
412033,-
412035,-
412040,-
412050,1
412060,1
412065,-
412070,1
412080,-
412085,-
412090,-
412100,1
412110,-
412120,2
412125,-
412130,-
412135,-
412140,-
412150,-
412160,1
412170,2
412175,-
412180,-
412190,-
412200,-
412210,-
412215,10
412217,1
412220,5
412230,-
412240,4
412250,-
412260,1
412265,-
412270,-
412280,-
412300,1
412310,-
412330,-
412340,-
412350,3
412370,-
412380,-
412382,-
412385,2
412390,-
412395,-
412402,1
412405,7
412400,-
412410,3
412420,2
412440,-
412450,1
412460,-
412470,-
412480,1
412490,-
412500,-
412510,-
412520,-
412530,-
412535,-
412540,-
412545,1
412550,20
412555,-
412560,-
412570,1
412575,-
412580,-
412590,-
412600,-
412610,-
412620,1
412625,3
412627,-
412630,-
412635,-
412640,-
412650,2
412660,1
412665,-
412667,-
412670,-
412680,-
412690,-
412700,-
412710,2
412720,1
412730,-
412740,-
412750,1
412760,1
412770,5
412780,-
412785,1
412788,-
412790,-
412795,-
412796,2
412800,-
412810,14
412820,5
412840,-
412853,2
412855,2
412860,-
412865,-
412870,1
412850,1
412880,-
410000,-
420010,-
420020,-
420030,-
420040,1
420050,-
420060,-
420070,-
420080,-
420100,-
420110,-
420120,-
420125,-
420130,1
420140,2
420160,-
420170,-
420180,-
420195,-
420205,-
420200,6
420207,1
421280,-
422000,-
420208,-
420209,-
420210,-
420213,-
420215,-
420220,-
420230,1
420240,1
420243,-
420250,-
420253,-
420257,-
420260,2
420245,-
420280,-
420285,-
420287,-
420290,1
420300,5
420310,-
420315,-
420320,3
420330,-
420340,1
420350,1
420360,1
420370,-
420380,3
420325,-
420390,-
420395,-
420400,-
420410,-
420415,-
420417,3
420419,-
420420,10
420425,-
420430,1
420435,1
420440,-
420445,-
420455,2
420450,1
420460,8
420470,1
420480,3
420490,-
420500,2
420510,1
420515,-
420517,-
420520,-
420530,-
420535,-
420540,18
420543,1
420545,-
420550,2
420555,1
420560,-
420570,-
420580,3
420590,-
420600,-
420610,-
420620,-
420630,-
420640,-
420650,-
420660,-
420665,-
420670,1
420680,-
420690,-
420700,1
420710,1
420730,2
420740,-
420750,2
420757,-
420760,-
420765,-
420768,-
420770,-
420775,-
420780,1
420785,-
420790,-
420800,-
420810,-
420820,10
420830,1
420840,-
420845,-
420850,1
420860,-
420870,1
420880,-
420890,-
420900,1
420910,30
420915,-
420917,-
420930,4
420940,2
420970,1
420980,-
420985,-
420990,-
421000,-
421010,2
421020,-
421030,1
421040,-
421050,-
421060,1
421070,-
421080,-
421085,-
421090,-
421100,-
421105,3
421110,-
421120,-
421125,-
421130,-
421140,-
421145,-
421150,-
421160,-
421170,-
421175,1
421180,-
421185,-
421187,-
421190,4
421200,-
421210,-
421220,2
421225,-
421227,2
421230,-
421240,-
421250,-
421270,-
421290,-
421300,-
421310,-
421315,-
421320,-
421330,-
421335,-
421340,-
421350,-
421360,1
421370,-
421380,-
421400,-
421410,-
421415,1
421420,-
421430,-
421440,-
421450,-
421460,-
421480,-
421470,-
421490,-
421500,-
421507,1
421510,-
421520,1
421530,-
421535,1
421540,1
421545,-
421550,5
421555,-
421560,-
421565,-
421567,-
421568,-
421570,-
421580,2
421575,-
421590,-
421600,-
421605,-
421610,-
421620,1
421630,-
421635,-
421640,1
421650,-
421660,17
421670,-
421680,-
421690,2
421700,-
421715,-
421720,3
421725,-
421730,-
421740,1
421750,-
421760,-
421770,2
421775,-
421780,-
421790,-
421800,1
421810,1
421820,-
421825,-
421830,1
421840,-
421850,-
421860,-
421870,3
421875,-
421880,-
421885,-
421890,-
421900,-
421910,2
421915,-
421917,-
421920,1
421930,6
421935,1
421950,-
421960,-
421970,2
430003,-
430005,-
430010,-
430020,-
430030,-
430040,10
430045,-
430050,3
430055,-
430060,35
430063,-
430064,2
430070,-
430080,-
430085,-
430087,-
430090,-
430100,-
430105,-
430120,1
430110,2
430130,-
430140,2
430150,-
430155,-
430160,6
430163,-
430165,1
430170,-
430175,-
430185,-
430187,-
430190,-
430195,-
430180,-
430200,1
430210,3
430215,-
430222,-
430230,3
430235,1
430240,-
430245,-
430250,1
430260,-
430270,1
430280,-
430290,-
430300,2
430310,27
430320,-
430330,-
430340,-
430350,1
430360,-
430367,-
430370,-
430380,-
430390,2
430400,-
430410,-
430420,1
430430,-
430435,1
430440,4
430450,1
430460,57
430462,-
430463,3
430465,-
430466,-
430468,-
430469,-
430467,-
430471,-
430470,2
430480,1
430490,-
430495,-
430500,-
430510,44
430512,-
430513,-
430515,-
430517,-
430520,1
430530,-
430535,1
430537,-
430540,-
430543,1
430544,-
430545,-
430550,1
430558,-
430560,-
430570,-
430580,-
430583,-
430585,-
430587,-
430590,-
430595,-
430597,-
430600,-
430605,-
430607,1
430610,3
430613,-
430620,1
430630,-
430632,-
430635,-
430637,-
430640,-
430642,-
430645,-
430650,-
430660,3
430655,-
430670,-
430673,2
430675,-
430676,1
430680,-
430690,2
430692,-
430695,1
430693,-
430697,-
430700,7
430705,1
430720,-
430730,-
430740,5
430745,-
430750,1
430755,-
430760,1
430770,14
430780,3
430781,-
430783,-
430786,-
430790,6
430800,-
430805,-
430807,-
430810,-
430820,-
430830,-
430840,-
430843,-
430845,-
430850,3
430860,2
430870,-
430880,-
430885,-
430890,1
430900,2
430905,-
430910,-
430912,-
430915,-
430920,26
430930,18
430940,1
430950,2
430955,-
430710,1
430957,-
430960,1
430965,1
430970,1
430975,1
430980,-
430990,-
430995,1
431000,-
431010,4
431020,8
431030,-
431033,1
431036,-
431040,-
431043,-
431050,-
431053,-
431055,-
431057,-
431060,2
431065,-
431070,-
431080,-
431085,-
431087,-
431090,-
431100,-
431110,-
431112,-
431113,-
431115,1
431120,-
431123,-
431130,3
431125,-
431140,18
431142,-
431150,1
431160,-
431171,-
431170,-
431173,-
431175,-
431177,-
431180,1
431190,-
431198,-
431205,-
431210,1
431213,-
431215,-
431220,-
431225,-
431230,-
431237,-
431238,-
431240,6
431244,-
431245,-
431247,-
431250,-
431260,-
431261,-
431265,-
431267,-
431270,1
431275,-
431290,-
431295,-
431300,-
431303,-
431306,-
431308,-
431310,-
431320,2
431330,-
431333,-
431335,-
431337,2
431349,-
431340,43
431342,-
431344,-
431346,-
431350,3
431360,-
431365,-
431370,1
431380,-
431390,1
431395,-
431400,-
431402,-
431405,2
431406,-
431407,-
431410,30
431415,-
431420,-
431430,-
431440,15
431442,1
431445,-
431446,-
431447,1
431449,-
431450,1
431454,-
431455,-
431460,2
431470,1
431475,-
431477,-
431480,3
431490,461
431500,-
431505,-
431507,-
431510,1
431513,-
431515,-
431517,-
431520,-
431530,6
431532,-
431540,-
431550,-
431555,-
431560,14
431570,1
431575,-
431580,1
431590,-
431595,-
431600,-
431610,1
431620,-
431630,-
431640,4
431642,-
431643,-
431645,-
431650,3
431660,-
431710,5
431670,-
431673,-
431675,-
431680,10
431690,13
431695,-
431720,6
431725,-
431730,4
431700,-
431740,-
431750,7
431760,3
431770,1
431755,-
431775,-
431780,2
431790,-
431800,6
431810,1
431820,2
431830,3
431840,-
431842,-
431844,-
431845,-
431846,-
431849,-
431850,1
431860,-
431862,1
431870,72
431880,-
431890,8
431900,1
431910,-
431912,-
431915,-
431920,1
431930,1
431936,-
431937,-
431940,2
431950,1
431960,-
431970,-
431971,-
431975,-
431980,1
431990,17
432000,12
432010,1
432020,1
432026,-
432032,-
432035,-
432040,1
432050,-
432055,-
432057,-
432060,-
432067,-
432070,1
432080,-
432085,-
432090,1
432100,-
432110,-
432120,6
432130,-
432132,1
432135,-
432140,-
432143,-
432145,-
432146,-
432147,1
432149,-
432150,2
432160,1
432166,-
432170,-
432180,1
432183,-
432185,-
432190,1
432195,1
432200,1
432210,-
432215,-
432218,2
432220,2
432225,-
432230,-
432237,-
432240,16
432250,8
432253,-
432254,-
432252,-
432260,5
432270,-
432280,1
432290,-
432300,31
432310,-
432340,-
432345,-
432350,-
432360,-
432370,-
432375,1
432380,1
500020,4
500025,-
500060,5
500070,2
500080,1
500085,-
500090,1
500100,3
500110,9
500124,1
500150,-
500190,-
500200,1
500210,2
500215,-
500220,3
500230,1
500240,2
500260,-
500270,202
500280,2
500290,1
500295,4
500310,2
500315,5
500320,21
500325,3
500330,-
500345,1
500348,-
500350,1
500370,42
500375,-
500380,2
500390,-
500400,1
500410,2
500430,2
500440,-
500450,-
500460,2
500470,1
500480,-
500490,-
500500,9
500510,1
500515,1
500520,-
500525,-
500540,7
500560,1
500568,1
500570,6
500580,4
500600,-
500620,4
500625,-
500630,2
500635,5
500640,3
500660,24
500690,3
500710,3
500720,8
500730,-
500740,6
500750,-
500755,-
500769,4
500780,-
500770,2
500790,1
500793,4
500795,4
500797,-
500800,-
500830,10
500840,-
500000,-
510010,-
510020,4
510025,6
510030,-
510035,-
510040,2
510050,2
510060,-
510080,3
510100,1
510125,2
510130,2
510140,3
510160,-
510170,7
510180,4
510185,-
510190,4
510250,20
510260,4
510263,4
510267,2
510268,2
510269,1
510270,-
510279,1
510285,4
510300,2
510305,1
510310,-
510320,2
510325,-
510330,10
510335,10
510336,-
510337,6
510340,265
510343,-
510345,-
510350,3
510360,1
510370,8
510380,-
510385,-
510390,-
510395,-
510410,5
510420,1
510450,-
510452,-
510454,-
510455,4
510460,-
510480,3
510490,1
510500,2
510510,8
510515,11
510517,1
510520,1
510523,-
510525,3
510530,-
510558,2
510560,3
510562,4
510590,5
510600,-
510610,2
510615,3
510620,-
510621,-
510880,-
510618,1
510885,-
510890,-
510895,-
510622,-
510617,-
510623,2
510619,-
510624,2
510625,3
510627,-
510626,-
510631,-
510628,-
510629,1
510630,5
510637,2
510642,6
510645,-
510650,4
510665,-
510670,-
510675,18
510677,2
510680,5
510682,6
510685,1
510700,1
510704,3
510706,3
510715,-
510718,5
510719,-
510720,1
510757,-
510760,45
510770,3
510775,-
510724,-
510774,-
510776,-
510777,-
510726,-
510779,-
510780,4
510785,2
510729,-
510730,1
510735,5
510710,3
510740,-
510787,-
510788,-
510790,11
510792,9
510794,2
510795,8
510800,6
510805,5
510810,1
510820,-
510830,-
510835,-
510840,65
510850,2
510550,2
510860,7
510000,-
520005,1
520010,-
520013,1
520015,1
520017,-
520020,-
520025,24
520030,3
520050,-
520055,-
520060,1
520080,-
520082,-
520085,-
520090,-
520110,41
520130,2
520140,49
520145,-
520150,-
520160,-
520170,-
520180,-
520215,-
520235,-
520250,1
520260,-
520280,-
520310,-
520320,-
520330,2
520340,-
520350,1
520355,-
520357,-
520360,-
520380,1
520390,3
520393,-
520400,1
520410,1
520420,-
520425,-
520430,-
520440,3
520450,3
520455,1
520460,-
520465,-
520470,-
520480,-
520485,-
520490,1
520495,-
520500,2
520505,-
520510,6
520520,1
520530,2
520540,2
520545,-
520547,-
520549,9
520551,1
520552,-
520570,1
520580,2
520590,-
520620,1
520640,-
520660,-
520670,-
520680,-
520690,-
520710,-
520830,1
520725,-
520735,-
520740,-
520750,-
520753,1
520760,-
520780,-
520790,-
520800,12
520810,-
520815,-
520840,2
520850,-
520860,3
520870,215
520880,2
520890,1
520910,3
520915,1
520920,1
520929,-
520940,-
520945,-
520960,-
520970,1
520980,-
520990,-
520993,-
520995,6
521000,1
521010,2
521015,-
521020,3
521030,-
521040,2
521056,3
521060,1
521080,1
521090,1
521100,-
521120,-
521130,-
521140,-
521150,14
521160,-
521170,1
521180,4
521190,6
521200,-
521205,-
521210,-
521220,-
521230,-
521250,47
521260,-
521270,-
521280,1
521290,-
521295,-
521300,1
521305,-
521308,2
521310,2
521340,-
521350,-
521370,1
521375,-
521377,-
521380,4
521385,-
521400,1
521405,-
521410,-
521440,-
521450,1
521460,4
521480,-
521483,-
521486,-
521487,-
521490,-
521500,-
521520,1
521523,23
521525,-
521530,-
521540,3
521550,-
521560,-
521565,-
521570,1
521580,-
521600,-
521630,1
521640,1
521645,1
521680,1
521690,-
521710,1
521720,1
521730,3
521740,1
521760,16
521770,-
521800,-
521805,-
521810,-
521830,-
521850,-
521860,2
521870,-
521878,-
521880,12
521890,-
521900,-
521910,-
521920,-
521925,1
521930,1
521935,-
521940,-
521945,-
521950,-
521960,-
521970,-
521971,-
521973,-
521975,19
521980,1
521990,1
522000,1
522005,-
522010,-
522015,1
522020,3
522026,-
522028,-
522040,1
522045,5
522050,-
522060,-
522068,-
522070,-
522100,1
522108,-
522119,-
522130,-
522140,2
522145,-
522150,-
522155,-
522157,-
522160,4
522170,1
522180,-
522185,18
522190,1
522200,-
522205,-
522220,1
522230,-
520000,-
530010,565
,
