municipio,pessoas_de_10_anos_ou_mais_de_idade_total,pessoas_de_10_anos_ou_mais_de_idade_alfabetizadas,pessoas_de_10_anos_ou_mais_de_idade_taxa_de_alfabetizacao_(%),pessoas_de_10_anos_ou_mais_de_idade_10_a_14_anos_total,pessoas_de_10_anos_ou_mais_de_idade_10_a_14_anos_alfabetizadas,pessoas_de_10_anos_ou_mais_de_idade_10_a_14_anos_taxa_de_alfabetizacao_(%),pessoas_de_10_anos_ou_mais_de_idade_15_a_19_anos_total,pessoas_de_10_anos_ou_mais_de_idade_15_a_19_anos_alfabetizadas,pessoas_de_10_anos_ou_mais_de_idade_15_a_19_anos_taxa_de_alfabetizacao_(%),pessoas_de_10_anos_ou_mais_de_idade_20_anos_ou_mais_total,pessoas_de_10_anos_ou_mais_de_idade_20_anos_ou_mais_alfabetizadas,pessoas_de_10_anos_ou_mais_de_idade_20_anos_ou_mais_taxa_de_alfabetizacao_(%),codigo
Abreu e Lima,72426.0,63709.0,87.96426697594787,8979.0,8513.0,94.8101124846865,9853.0,9478.0,96.19405257282047,53594.0,45718.0,85.30432511101989,2600054.0
Afogados da Ingazeira,26208.0,19629.0,74.89697802197803,3807.0,3424.0,89.93958497504597,3758.0,3553.0,94.54497072911123,18643.0,12652.0,67.86461406426004,2600104.0
Afranio,11848.0,8158.0,68.85550303848751,1824.0,1683.0,92.26973684210526,1762.0,1596.0,90.5788876276958,8262.0,4879.0,59.053497942386834,2600203.0
Agrestina,15728.0,9599.0,61.03128179043744,2263.0,1811.0,80.02651347768449,2243.0,1832.0,81.67632634864022,11222.0,5956.0,53.07431830333273,2600302.0
Agua Preta,21824.0,14347.0,65.73955278592375,3784.0,3114.0,82.2938689217759,3633.0,3090.0,85.05367464905036,14407.0,8143.0,56.52113555910321,2600401.0
Aguas Belas,27816.0,14636.0,52.61719873454127,4777.0,2895.0,60.60288884236969,4035.0,2856.0,70.78066914498142,19004.0,8885.0,46.75331509155967,2600500.0
Alagoinha,10055.0,6953.0,69.14967677772252,1485.0,1230.0,82.82828282828282,1322.0,1127.0,85.24962178517399,7248.0,4595.0,63.39679911699779,2600609.0
Alianca,29279.0,19535.0,66.72017486936029,4337.0,3528.0,81.34655291676273,4871.0,4173.0,85.67029357421474,20071.0,11835.0,58.965671864879674,2600708.0
Altinho,17724.0,10856.0,61.25028210336267,2423.0,2047.0,84.48204704911268,2402.0,2037.0,84.80432972522898,12899.0,6772.0,52.50019381347391,2600807.0
Amaraji,16463.0,11363.0,69.02144202150276,2732.0,2408.0,88.14055636896046,2670.0,2238.0,83.82022471910112,11061.0,6717.0,60.726878220775696,2600906.0
Angelim,7150.0,4822.0,67.44055944055944,1032.0,881.0,85.36821705426357,1064.0,947.0,89.00375939849624,5054.0,2995.0,59.25999208547685,2601003.0
Aracoiaba,11611.0,7478.0,64.40444406166567,1882.0,1426.0,75.77045696068014,1774.0,1503.0,84.7237880496054,7955.0,4549.0,57.18416090509114,2601052.0
Araripina,53712.0,37686.0,70.16309204647007,8996.0,7152.0,79.50200088928413,7851.0,6636.0,84.52426442491402,36865.0,23898.0,64.82571544825716,2601102.0
Arcoverde,49037.0,38543.0,78.59983277932989,6804.0,5663.0,83.23045267489711,6712.0,6074.0,90.49463647199046,35521.0,26807.0,75.46803299456658,2601201.0
Barra de Guabiraba,8272.0,4852.0,58.65570599613152,1307.0,1001.0,76.58760520275439,1285.0,1021.0,79.45525291828794,5680.0,2831.0,49.84154929577465,2601300.0
Barreiros,30694.0,22336.0,72.76992246041571,4614.0,3889.0,84.28695275249241,5035.0,4482.0,89.01688182720953,21045.0,13966.0,66.36255642670467,2601409.0
Belem de Maria,8279.0,5429.0,65.57555260297137,1285.0,1148.0,89.33852140077822,1197.0,1091.0,91.14452798663325,5797.0,3190.0,55.02846299810247,2601508.0
Belem de Sao Francisco,15293.0,10965.0,71.69947034590989,2357.0,1902.0,80.69579974543912,2409.0,2111.0,87.62972187629721,10527.0,6952.0,66.03970741901777,2601607.0
Belo Jardim,53894.0,36283.0,67.32289308642892,7546.0,6037.0,80.00265041081369,7363.0,6284.0,85.34564715469239,38985.0,23962.0,61.46466589713992,2601706.0
Betania,8915.0,5861.0,65.74312955692653,1430.0,1212.0,84.75524475524475,1445.0,1242.0,85.9515570934256,6040.0,3407.0,56.407284768211916,2601805.0
Bezerros,46803.0,31595.0,67.50635643014337,5723.0,5088.0,88.90442075834353,6235.0,5559.0,89.1579791499599,34845.0,20949.0,60.12053379250969,2601904.0
Bodoco,23875.0,15155.0,63.47643979057591,4286.0,3223.0,75.19832011199253,3839.0,3210.0,83.61552487626986,15750.0,8722.0,55.37777777777778,2602001.0
Bom Conselho,32715.0,20238.0,61.861531407611196,5022.0,3622.0,72.1226602947033,5038.0,3944.0,78.28503374354902,22656.0,12672.0,55.932203389830505,2602100.0
Bom Jardim,29635.0,20375.0,68.7531634891176,4225.0,3774.0,89.32544378698225,4635.0,4201.0,90.63646170442287,20775.0,12400.0,59.687123947051745,2602209.0
Bonito,29274.0,18874.0,64.4735943157751,4513.0,3785.0,83.86882339906936,4257.0,3609.0,84.77801268498943,20504.0,11479.0,55.98419820522825,2602308.0
Brejao,6761.0,4132.0,61.11521964206479,1028.0,812.0,78.98832684824903,988.0,845.0,85.52631578947368,4745.0,2475.0,52.160168598524756,2602407.0
Brejinho,5773.0,3778.0,65.44257751602287,955.0,796.0,83.35078534031413,870.0,720.0,82.75862068965517,3948.0,2261.0,57.26950354609929,2602506.0
Brejo da Madre de Deus,29010.0,17242.0,59.43467769734574,4487.0,3191.0,71.11655894807221,4162.0,3024.0,72.6573762614128,20361.0,11026.0,54.152546535042475,2602605.0
Buenos Aires,9641.0,6650.0,68.9762472772534,1374.0,1202.0,87.48180494905385,1604.0,1453.0,90.5860349127182,6663.0,3996.0,59.972985141828005,2602704.0
Buique,33719.0,18727.0,55.53842047510306,6054.0,4089.0,67.54212091179386,5694.0,4243.0,74.51703547593958,21971.0,10395.0,47.31236630103318,2602803.0
Cabo de Santo Agostinho,121971.0,100857.0,82.6893277910323,16420.0,15033.0,91.55298416565164,17850.0,16838.0,94.33053221288516,87701.0,68986.0,78.66044856957161,2602902.0
Cabrobo,20443.0,14640.0,71.61375531966932,3177.0,2641.0,83.12873780295877,3077.0,2738.0,88.98277543061424,14189.0,9262.0,65.27591796462048,2603009.0
Cachoeirinha,13688.0,8852.0,64.6697837521917,1918.0,1677.0,87.43482794577685,1932.0,1705.0,88.25051759834368,9838.0,5470.0,55.60073185606831,2603108.0
Caetes,18276.0,10221.0,55.9258043335522,3206.0,2386.0,74.42295695570806,2952.0,2312.0,78.31978319783198,12118.0,5523.0,45.57682785938273,2603207.0
Calcado,9045.0,5883.0,65.04145936981757,1436.0,1219.0,84.88857938718662,1352.0,1198.0,88.6094674556213,6257.0,3466.0,55.393958766181875,2603306.0
Calumbi,5555.0,3572.0,64.3024302430243,935.0,751.0,80.32085561497327,848.0,720.0,84.90566037735849,3772.0,2102.0,55.72640509013785,2603405.0
Camaragibe,104542.0,89991.0,86.08119224809168,12564.0,11910.0,94.79465138490927,13404.0,12752.0,95.13578036407043,78574.0,65329.0,83.14327894723445,2603454.0
Camocim de Sao Felix,11937.0,7655.0,64.12834045405043,1630.0,1451.0,89.01840490797545,1694.0,1480.0,87.36717827626919,8613.0,4724.0,54.847323812841054,2603504.0
Camutanga,6191.0,4184.0,67.58197383298337,895.0,785.0,87.70949720670392,929.0,807.0,86.8675995694295,4367.0,2592.0,59.354247767346,2603603.0
Canhotinho,19510.0,11702.0,59.979497693490515,2928.0,2180.0,74.4535519125683,2967.0,2461.0,82.94573643410853,13615.0,7060.0,51.85457216305546,2603702.0
Capoeiras,15035.0,9643.0,64.13701363485201,2628.0,2064.0,78.53881278538812,2330.0,2020.0,86.69527896995707,10077.0,5560.0,55.17515133472264,2603801.0
Carnaiba,13877.0,9836.0,70.87987317143475,2252.0,2089.0,92.7619893428064,2057.0,1879.0,91.34662129314536,9568.0,5869.0,61.339882943143806,2603900.0
Carnaubeira da Penha,7571.0,4671.0,61.695945053493595,1443.0,1080.0,74.84407484407485,1164.0,987.0,84.79381443298969,4964.0,2603.0,52.43755036261079,2603926.0
Carpina,51710.0,41494.0,80.2436666022046,6538.0,6055.0,92.61241970021413,7004.0,6608.0,94.34608794974301,38168.0,28831.0,75.53709914064137,2604007.0
Caruaru,204112.0,163316.0,80.01293407540958,26439.0,23177.0,87.66216574000529,26238.0,23819.0,90.78054729781233,151435.0,116320.0,76.81183345990028,2604106.0
Casinhas,10284.0,6665.0,64.80941267989108,1716.0,1442.0,84.03263403263404,1697.0,1457.0,85.8573954036535,6871.0,3766.0,54.81007131421918,2604155.0
Catende,24369.0,17412.0,71.45143419918749,3824.0,3454.0,90.32426778242679,3620.0,3166.0,87.45856353591161,16925.0,10792.0,63.76366322008863,2604205.0
Cedro,7234.0,5227.0,72.2560132706663,1356.0,1186.0,87.46312684365782,1023.0,954.0,93.25513196480938,4855.0,3087.0,63.58393408856848,2604304.0
Cha de Alegria,8558.0,5937.0,69.37368544052349,1379.0,1122.0,81.36330674401741,1415.0,1251.0,88.40989399293287,5764.0,3564.0,61.832061068702295,2604403.0
Cha Grande,14861.0,9569.0,64.39001413094677,2317.0,1931.0,83.34052654294346,2153.0,1834.0,85.18346493265211,10391.0,5804.0,55.856029256087005,2604502.0
Condado,17014.0,11980.0,70.41260138709298,2241.0,1838.0,82.0169567157519,2555.0,2226.0,87.12328767123287,12218.0,7916.0,64.78965460795547,2604601.0
Correntes,13223.0,8306.0,62.81479240716933,2148.0,1622.0,75.512104283054,2118.0,1814.0,85.64683663833806,8957.0,4869.0,54.35971865579994,2604700.0
Cortes,9691.0,6634.0,68.4552677742235,1580.0,1369.0,86.64556962025316,1673.0,1432.0,85.59473998804543,6438.0,3833.0,59.537123330226784,2604809.0
Cumaru,22183.0,14400.0,64.91457422350449,3051.0,2809.0,92.06817436905934,3304.0,2899.0,87.74213075060533,15828.0,8691.0,54.9090219863533,2604908.0
Cupira,17665.0,10755.0,60.88310217945089,2381.0,1772.0,74.422511549769,2562.0,2177.0,84.97267759562843,12722.0,6806.0,53.49787769218677,2605004.0
Custodia,24388.0,16512.0,67.70542889945875,3650.0,2932.0,80.32876712328768,3528.0,2954.0,83.73015873015873,17210.0,10626.0,61.74317257408484,2605103.0
Dormentes,11117.0,7565.0,68.04893406494557,1887.0,1569.0,83.14785373608903,1629.0,1511.0,92.75629220380601,7601.0,4485.0,59.0053940271017,2605152.0
Escada,44990.0,32676.0,72.62947321627028,6694.0,5690.0,85.00149387511205,6758.0,6008.0,88.90204202426753,31538.0,20979.0,66.51975394761874,2605202.0
Exu,24689.0,16597.0,67.22426991777715,4431.0,3583.0,80.86210787632588,3766.0,3338.0,88.63515666489644,16492.0,9676.0,58.670870725200096,2605301.0
Feira Nova,14912.0,9928.0,66.57725321888412,2240.0,2114.0,94.375,2215.0,1973.0,89.0744920993228,10457.0,5841.0,55.85732045519748,2605400.0
Fernando de Noronha,1655.0,1586.0,95.83081570996978,243.0,243.0,100.0,160.0,160.0,100.0,1252.0,1183.0,94.4888178913738,2605459.0
Ferreiros,8567.0,6127.0,71.51861795260885,1179.0,1103.0,93.55385920271416,1327.0,1171.0,88.24415975885455,6061.0,3853.0,63.570367926084806,2605509.0
Flores,16683.0,11291.0,67.67967391955884,2569.0,2379.0,92.6041261191125,2375.0,2172.0,91.45263157894736,11739.0,6740.0,57.415452764289974,2605608.0
Floresta,18830.0,14714.0,78.14126394052045,2962.0,2589.0,87.40715732613099,2785.0,2517.0,90.3770197486535,13083.0,9608.0,73.43881372773828,2605707.0
Frei Miguelinho,10678.0,6853.0,64.17868514703127,1428.0,1249.0,87.46498599439776,1458.0,1295.0,88.82030178326474,7792.0,4309.0,55.30030800821355,2605806.0
Gameleira,18341.0,12030.0,65.590752957854,2933.0,2457.0,83.7708830548926,3023.0,2591.0,85.70956003969566,12385.0,6982.0,56.37464675010093,2605905.0
Garanhuns,93618.0,74320.0,79.38644277809823,13184.0,11745.0,89.08525485436894,13163.0,12072.0,91.71161589303351,67271.0,50503.0,75.07395460153707,2606002.0
Gloria do Goita,21438.0,13838.0,64.54893180333985,3470.0,2861.0,82.44956772334294,3432.0,2994.0,87.23776223776224,14536.0,7984.0,54.925701706108974,2606101.0
Goiana,56717.0,43855.0,77.32249590069996,7659.0,6609.0,86.2906384645515,8062.0,7181.0,89.07219052344331,40996.0,30066.0,73.33886232803201,2606200.0
Granito,4716.0,3055.0,64.77947413061916,844.0,699.0,82.81990521327015,682.0,577.0,84.60410557184751,3190.0,1779.0,55.76802507836991,2606309.0
Gravata,54078.0,39441.0,72.93354044158437,7148.0,6201.0,86.75153889199775,7417.0,6604.0,89.0386948901173,39513.0,26636.0,67.41072558398503,2606408.0
Iati,13298.0,7068.0,53.15084975184238,2328.0,1592.0,68.38487972508591,2053.0,1636.0,79.68826108134436,8917.0,3840.0,43.06381069866547,2606507.0
Ibimirim,18236.0,11375.0,62.376617679315636,3404.0,2607.0,76.58636897767333,2908.0,2345.0,80.63961485557084,11924.0,6422.0,53.857765850385775,2606606.0
Ibirajuba,5889.0,3564.0,60.51961283749363,909.0,723.0,79.53795379537954,824.0,663.0,80.46116504854369,4156.0,2177.0,52.38209817131858,2606705.0
Igarassu,65479.0,54490.0,83.21752012095482,8823.0,8121.0,92.04352261135668,8970.0,8593.0,95.79710144927536,47686.0,37776.0,79.21821918382754,2606804.0
Iguaraci,9349.0,6518.0,69.71868649053374,1522.0,1371.0,90.07884362680684,1333.0,1173.0,87.99699924981246,6493.0,3975.0,61.21977514246111,2606903.0
Ilha de Itamaraca,12852.0,10782.0,83.8935574229692,1541.0,1412.0,91.62881245944192,1524.0,1473.0,96.65354330708661,9787.0,7896.0,80.67845100643711,2607604.0
Inaja,9811.0,5793.0,59.0459688105188,1828.0,1213.0,66.35667396061268,1556.0,1213.0,77.95629820051414,6427.0,3366.0,52.37280224054769,2607000.0
Ingazeira,3589.0,2531.0,70.52103650041795,551.0,493.0,89.47368421052632,500.0,453.0,90.6,2538.0,1585.0,62.450748620961384,2607109.0
Ipojuca,45450.0,32882.0,72.34763476347635,6739.0,5556.0,82.445466686452,7094.0,6251.0,88.1167183535382,31617.0,21075.0,66.65717810038903,2607208.0
Ipubi,17359.0,11093.0,63.9034506596002,3086.0,2466.0,79.90926766040182,2681.0,2284.0,85.19209250279746,11592.0,6344.0,54.72739820565907,2607307.0
Itacuruba,2851.0,2196.0,77.02560505085934,438.0,369.0,84.24657534246576,441.0,389.0,88.20861678004536,1972.0,1437.0,72.87018255578094,2607406.0
Itaiba,20085.0,10777.0,53.65695792880258,3462.0,2282.0,65.9156556903524,3010.0,2215.0,73.58803986710963,13613.0,6280.0,46.13237346653934,2607505.0
Itambe,27087.0,17423.0,64.32236866393472,4112.0,3301.0,80.2772373540856,4368.0,3808.0,87.17948717948718,18607.0,10313.0,55.42537754608481,2607653.0
Itapetim,12219.0,9197.0,75.26802520664539,1895.0,1759.0,92.82321899736148,1759.0,1603.0,91.13132461625923,8565.0,5835.0,68.1260945709282,2607703.0
Itapissuma,15597.0,12007.0,76.98275309354364,2292.0,2063.0,90.00872600349041,2307.0,2095.0,90.81057650628523,10998.0,7849.0,71.36752136752136,2607752.0
Itaquitinga,11659.0,8139.0,69.80873145209709,1758.0,1420.0,80.773606370876,1852.0,1633.0,88.17494600431965,8049.0,5086.0,63.18797366132439,2607802.0
Jaboatao dos Guararapes,470423.0,416382.0,88.5122538651384,58444.0,53828.0,92.10184107863938,61806.0,58758.0,95.0684399572857,350173.0,303795.0,86.75568933070225,2607901.0
Jaqueira,8745.0,5776.0,66.04917095483134,1591.0,1403.0,88.18353236957887,1501.0,1349.0,89.87341772151899,5653.0,3024.0,53.493720148593674,2607950.0
Jatauba,11102.0,6805.0,61.295262114934246,1728.0,1468.0,84.95370370370371,1512.0,1271.0,84.06084656084656,7862.0,4066.0,51.7171203256169,2608008.0
Jatoba,10435.0,8342.0,79.94250119789172,1671.0,1478.0,88.45002992220228,1591.0,1475.0,92.70898805782527,7173.0,5389.0,75.12895580649659,2608057.0
Joao Alfredo,21752.0,13191.0,60.642699521883046,3110.0,2531.0,81.38263665594855,3431.0,2800.0,81.60886039055669,15210.0,7860.0,51.67652859960552,2608107.0
Joaquim Nabuco,12086.0,7983.0,66.05162998510673,2088.0,1712.0,81.99233716475096,2009.0,1643.0,81.78198108511697,7989.0,4628.0,57.92965327325072,2608206.0
Jucati,7491.0,4626.0,61.75410492591109,1150.0,858.0,74.60869565217392,1158.0,944.0,81.51986183074266,5183.0,2824.0,54.48581902373143,2608255.0
Jupi,9484.0,6110.0,64.42429354702656,1500.0,1273.0,84.86666666666667,1409.0,1199.0,85.0958126330731,6575.0,3638.0,55.33079847908745,2608305.0
Jurema,10487.0,5672.0,54.086011252026324,1612.0,1190.0,73.8213399503722,1589.0,1265.0,79.60981749528005,7286.0,3217.0,44.15317046390337,2608404.0
Lagoa do Carro,10435.0,7849.0,75.21801629132726,1402.0,1256.0,89.58630527817404,1526.0,1448.0,94.88859764089122,7507.0,5144.0,68.52271213534034,2608453.0
Lagoa do Itaenga,15601.0,10911.0,69.93782449842959,2439.0,1963.0,80.48380483804837,2544.0,2237.0,87.93238993710692,10618.0,6711.0,63.20399321906197,2608503.0
Lagoa do Ouro,8712.0,5231.0,60.043617998163455,1423.0,1044.0,73.36612789880535,1383.0,1104.0,79.82646420824295,5906.0,3082.0,52.1842194378598,2608602.0
Lagoa dos Gatos,12281.0,6518.0,53.073853920690496,1997.0,1481.0,74.16124186279418,1716.0,1364.0,79.48717948717949,8568.0,3673.0,42.8688141923436,2608701.0
Lagoa Grande,14253.0,10077.0,70.7009050726163,2512.0,2100.0,83.59872611464968,2175.0,1921.0,88.32183908045977,9566.0,6056.0,63.30754756429019,2608750.0
Lajedo,25783.0,18404.0,71.38036690842804,3632.0,3097.0,85.26982378854625,3724.0,3281.0,88.10418904403868,18427.0,12026.0,65.26292939708037,2608800.0
Limoeiro,45664.0,35273.0,77.24465662228451,5885.0,5516.0,93.72982158028887,6256.0,5859.0,93.65409207161125,33523.0,23899.0,71.29135220594816,2608909.0
Macaparana,17524.0,11629.0,66.36041999543482,2763.0,2447.0,88.56315598986609,2730.0,2343.0,85.82417582417582,12031.0,6839.0,56.84481755465048,2609006.0
Machados,7680.0,4978.0,64.81770833333333,1230.0,1003.0,81.54471544715447,1224.0,1056.0,86.27450980392157,5226.0,2919.0,55.85533869115958,2609105.0
Manari,9201.0,4461.0,48.483860449951095,1862.0,1197.0,64.28571428571429,1495.0,1033.0,69.09698996655518,5844.0,2231.0,38.175906913073234,2609154.0
Maraial,10662.0,6805.0,63.82479834927781,1923.0,1631.0,84.81539261570464,1918.0,1642.0,85.61001042752866,6822.0,3532.0,51.77367340955732,2609204.0
Mirandiba,10011.0,7211.0,72.03076615722705,1785.0,1503.0,84.2016806722689,1557.0,1414.0,90.81567116249197,6669.0,4294.0,64.38746438746439,2609303.0
Moreilandia,8670.0,6064.0,69.94232987312571,1434.0,1319.0,91.98047419804742,1349.0,1258.0,93.25426241660489,5887.0,3487.0,59.23220655682011,2614303.0
Moreno,39752.0,31948.0,80.36828335681223,5299.0,4723.0,89.13002453293075,5461.0,5097.0,93.33455411096868,28992.0,22128.0,76.32450331125827,2609402.0
Nazare da Mata,23925.0,19034.0,79.55694879832811,2918.0,2704.0,92.66620973269363,3496.0,3302.0,94.45080091533181,17511.0,13028.0,74.39894923191137,2609501.0
Olinda,304695.0,277685.0,91.13539769277475,34453.0,32588.0,94.58682843293762,38061.0,36658.0,96.31381203856967,232181.0,208439.0,89.77435707486832,2609600.0
Orobo,17513.0,11646.0,66.49917204362474,2901.0,2458.0,84.72940365391244,2685.0,2379.0,88.60335195530726,11927.0,6810.0,57.097342164836085,2609709.0
Oroco,8088.0,5607.0,69.32492581602374,1369.0,1049.0,76.62527392257122,1358.0,1167.0,85.93519882179676,5361.0,3391.0,63.25312441708636,2609808.0
Ouricuri,42963.0,27401.0,63.778134674021835,7359.0,5487.0,74.56176110884631,6458.0,5400.0,83.61721895323629,29146.0,16513.0,56.656144925547245,2609907.0
Palmares,43622.0,33161.0,76.01898124799413,6623.0,5818.0,87.84538728672807,6517.0,5862.0,89.94936320392819,30482.0,21481.0,70.47109769700151,2610004.0
Palmeirina,7436.0,4451.0,59.857450242065624,1167.0,920.0,78.83461868037703,1099.0,929.0,84.53139217470428,5170.0,2601.0,50.30947775628627,2610103.0
Panelas,19823.0,11444.0,57.73091862987438,3204.0,2586.0,80.71161048689139,3235.0,2659.0,82.19474497681607,13384.0,6199.0,46.31649731022116,2610202.0
Paranatama,8491.0,4985.0,58.709221528677425,1405.0,1139.0,81.067615658363,1172.0,950.0,81.05802047781569,5914.0,2896.0,48.96854920527562,2610301.0
Parnamirim,14886.0,11260.0,75.64154238882172,2429.0,2086.0,85.87896253602305,2192.0,2023.0,92.29014598540147,10265.0,7150.0,69.65416463711641,2610400.0
Passira,23234.0,15441.0,66.45863820263406,3415.0,2974.0,87.08638360175695,3541.0,3218.0,90.87828297091217,16278.0,9250.0,56.82516279641233,2610509.0
Paudalho,35069.0,26268.0,74.90376115657703,5058.0,4234.0,83.7089758797944,4968.0,4353.0,87.6207729468599,25043.0,17682.0,70.6065567224374,2610608.0
Paulista,216747.0,201043.0,92.75468633937263,25283.0,24205.0,95.73626547482498,27620.0,26909.0,97.42577842143373,163844.0,149929.0,91.50716535240839,2610707.0
Pedra,15691.0,9564.0,60.95213816837678,2479.0,1733.0,69.9072206534893,2200.0,1727.0,78.5,11012.0,6104.0,55.430439520523066,2610806.0
Pesqueira,46035.0,33227.0,72.1776908873683,6325.0,5176.0,81.83399209486166,6060.0,5413.0,89.32343234323432,33650.0,22637.0,67.27191679049034,2610905.0
Petrolandia,21163.0,16876.0,79.74294759722157,3493.0,2970.0,85.02719725164614,3271.0,3038.0,92.8767960868236,14399.0,10867.0,75.4705187860268,2611002.0
Petrolina,169871.0,143565.0,84.5141313114069,24388.0,21931.0,89.92537313432835,24532.0,23205.0,94.5907386270993,120951.0,98429.0,81.37923621962612,2611101.0
Pocao,8660.0,5463.0,63.083140877598154,1320.0,984.0,74.54545454545455,1083.0,926.0,85.50323176361958,6257.0,3552.0,56.76841937030525,2611200.0
Pombos,18952.0,12572.0,66.3360067539046,2810.0,2205.0,78.46975088967972,2878.0,2540.0,88.25573314801946,13264.0,7828.0,59.01688781664656,2611309.0
Primavera,8828.0,6188.0,70.09515178975985,1359.0,1214.0,89.33038999264164,1371.0,1210.0,88.25674690007294,6098.0,3764.0,61.725155788783205,2611408.0
Quipapa,17693.0,10777.0,60.91109478324761,3195.0,2597.0,81.28325508607199,3014.0,2484.0,82.41539482415395,11485.0,5696.0,49.59512407488028,2611507.0
Quixaba,5246.0,3699.0,70.51086542127335,944.0,857.0,90.78389830508475,843.0,786.0,93.23843416370107,3459.0,2056.0,59.43914426134721,2611533.0
Recife,1183444.0,1074022.0,90.75393512494043,132779.0,124612.0,93.84917795735771,145529.0,140254.0,96.37529289694837,905136.0,809156.0,89.39606865708578,2611606.0
Riacho das Almas,14423.0,8974.0,62.22006517368093,2029.0,1729.0,85.21439132577623,1894.0,1625.0,85.79725448785639,10500.0,5620.0,53.52380952380953,2611705.0
Ribeirao,32767.0,22728.0,69.36246833704642,4609.0,3822.0,82.9247125189846,5022.0,4350.0,86.61887694145759,23136.0,14556.0,62.9149377593361,2611804.0
Rio Formoso,15869.0,10885.0,68.59285399205999,2629.0,1958.0,74.47698744769873,2697.0,2236.0,82.90693362995921,10543.0,6691.0,63.46390970312056,2611903.0
Saire,10824.0,6894.0,63.69179600886918,1407.0,1246.0,88.55721393034825,1415.0,1246.0,88.0565371024735,8002.0,4401.0,54.9987503124219,2612000.0
Salgadinho,5793.0,3447.0,59.50284826514759,835.0,621.0,74.37125748502994,1025.0,823.0,80.29268292682927,3933.0,2003.0,50.92804474955505,2612109.0
Salgueiro,40627.0,32511.0,80.02313732247029,6212.0,5544.0,89.2466194462331,5890.0,5543.0,94.10865874363327,28525.0,21423.0,75.10254163014899,2612208.0
Saloa,11766.0,7172.0,60.955294917559065,1686.0,1335.0,79.1814946619217,1635.0,1271.0,77.73700305810397,8445.0,4567.0,54.0793368857312,2612307.0
Sanharo,12473.0,8364.0,67.05684278040567,1652.0,1302.0,78.8135593220339,1768.0,1486.0,84.0497737556561,9053.0,5575.0,61.581796089694016,2612406.0
Santa Cruz,8551.0,5067.0,59.25622734183137,1388.0,1035.0,74.56772334293949,1219.0,1069.0,87.69483182936834,5944.0,2964.0,49.86541049798115,2612455.0
Santa Cruz da Baixa Verde,8694.0,6609.0,76.01794340924776,1374.0,1270.0,92.43085880640466,1309.0,1223.0,93.43009931245226,6011.0,4115.0,68.45782731658626,2612471.0
Santa Cruz do Capibaribe,46403.0,35806.0,77.16311445380687,6187.0,5168.0,83.52998222078551,7038.0,6232.0,88.54788292128445,33178.0,24406.0,73.56079329676291,2612505.0
Santa Filomena,9185.0,5868.0,63.88677191072401,1539.0,1220.0,79.2722547108512,1416.0,1231.0,86.93502824858757,6230.0,3417.0,54.84751203852327,2612554.0
Santa Maria da Boa Vista,27498.0,20211.0,73.49989090115645,4961.0,4003.0,80.6893771417053,4554.0,4111.0,90.27228809837506,17983.0,12097.0,67.26908747150087,2612604.0
Santa Maria do Cambuca,9057.0,5482.0,60.52776857679143,1382.0,1122.0,81.18668596237337,1361.0,1129.0,82.95371050698016,6314.0,3232.0,51.18783655369021,2612703.0
Santa Terezinha,8106.0,5720.0,70.5650135701949,1308.0,1119.0,85.55045871559633,1295.0,1151.0,88.88030888030887,5503.0,3450.0,62.693076503725244,2612802.0
Sao Benedito do Sul,7974.0,4715.0,59.12967143215451,1333.0,1191.0,89.34733683420856,1284.0,1062.0,82.71028037383178,5357.0,2462.0,45.95855889490386,2612901.0
Sao Bento do Una,34776.0,22697.0,65.26627559236255,5615.0,4450.0,79.25200356188779,5224.0,4468.0,85.52833078101072,23937.0,13779.0,57.56360446171199,2613008.0
Sao Caitano,26058.0,16280.0,62.4760150433648,3847.0,2934.0,76.2672212113335,3665.0,2950.0,80.49113233287858,18546.0,10396.0,56.0552140623315,2613107.0
Sao Joao,15394.0,9714.0,63.10250747044302,2382.0,1963.0,82.40973971452561,2299.0,1927.0,83.81905176163549,10713.0,5823.0,54.35452254270512,2613206.0
Sao Joaquim do Monte,15492.0,9067.0,58.526981667957656,2317.0,1868.0,80.62149331031506,2208.0,1863.0,84.375,10967.0,5337.0,48.66417434120544,2613305.0
Sao Jose da Coroa Grande,10554.0,7394.0,70.05874549933675,1699.0,1333.0,78.45791642142437,1787.0,1408.0,78.79127028539452,7068.0,4652.0,65.81777023203169,2613404.0
Sao Jose do Belmonte,24706.0,17251.0,69.82514368979196,4214.0,3524.0,83.62600854295206,3717.0,3192.0,85.87570621468926,16775.0,10535.0,62.801788375558864,2613503.0
Sao Jose do Egito,23800.0,17519.0,73.60924369747899,3376.0,3022.0,89.51421800947867,3157.0,2950.0,93.44314222363003,17267.0,11547.0,66.87322638559101,2613602.0
Sao Lourenco da Mata,72142.0,58324.0,80.84610906268193,9946.0,8781.0,88.28674844158456,10283.0,9555.0,92.92035398230088,51913.0,39988.0,77.02887523356384,2613701.0
Sao Vicente Ferrer,12095.0,8011.0,66.23398098387764,1932.0,1665.0,86.18012422360249,1963.0,1677.0,85.43046357615894,8200.0,4670.0,56.95121951219512,2613800.0
Serra Talhada,56659.0,42991.0,75.87673626431811,8432.0,7369.0,87.39326375711575,7873.0,7076.0,89.87679410643973,40354.0,28546.0,70.73896020221044,2613909.0
Serrita,13528.0,9690.0,71.62921348314607,2319.0,2067.0,89.13324708926261,2028.0,1840.0,90.72978303747534,9181.0,5783.0,62.98878117852086,2614006.0
Sertania,25443.0,17644.0,69.347168179853,3794.0,3270.0,86.18871903004745,3601.0,3172.0,88.08664259927798,18048.0,11202.0,62.06781914893617,2614105.0
Sirinhaem,25113.0,17635.0,70.22259387568191,4129.0,3413.0,82.65923952530879,4228.0,3591.0,84.93377483443709,16756.0,10631.0,63.44592981618524,2614204.0
Solidao,4220.0,2735.0,64.81042654028435,739.0,607.0,82.13802435723952,710.0,621.0,87.46478873239437,2771.0,1506.0,54.34861060988813,2614402.0
Surubim,40471.0,28824.0,71.22136838724025,5639.0,4900.0,86.89483951055152,5751.0,5043.0,87.68909754825248,29081.0,18882.0,64.92899143770848,2614501.0
Tabira,19144.0,13941.0,72.82177183451735,2809.0,2366.0,84.22926308294767,2715.0,2347.0,86.44567219152854,13620.0,9228.0,67.7533039647577,2614600.0
Tacaimbo,10405.0,6553.0,62.97933685728015,1742.0,1518.0,87.14121699196326,1572.0,1302.0,82.82442748091603,7091.0,3733.0,52.64419686927091,2614709.0
Tacaratu,13088.0,8988.0,68.67359413202934,2151.0,1798.0,83.58902835890284,2040.0,1735.0,85.04901960784314,8897.0,5455.0,61.312802068112845,2614808.0
Tamandare,12970.0,8399.0,64.75713184271396,2143.0,1573.0,73.401773215119,2114.0,1745.0,82.5449385052034,8713.0,5081.0,58.315161253299664,2614857.0
Taquaritinga do Norte,15554.0,11777.0,75.71685740002572,2214.0,1980.0,89.43089430894308,2073.0,1827.0,88.13314037626628,11267.0,7970.0,70.7375521434277,2615003.0
Terezinha,4925.0,2909.0,59.06598984771574,811.0,637.0,78.54500616522812,703.0,571.0,81.22332859174965,3411.0,1700.0,49.83875696276752,2615102.0
Terra Nova,5918.0,4397.0,74.29874957755999,837.0,743.0,88.7694145758662,871.0,775.0,88.97818599311137,4210.0,2879.0,68.38479809976246,2615201.0
Timbauba,44883.0,33935.0,75.6076911079919,6353.0,5534.0,87.10845269951204,6687.0,5968.0,89.24779422760581,31843.0,22433.0,70.44876424959959,2615300.0
Toritama,16794.0,11970.0,71.27545551982851,2414.0,2106.0,87.2410936205468,2552.0,2091.0,81.93573667711598,11828.0,7773.0,65.71694284748055,2615409.0
Tracunhaem,9897.0,6811.0,68.818833990098,1490.0,1261.0,84.63087248322148,1553.0,1400.0,90.1481004507405,6854.0,4150.0,60.54858476801868,2615508.0
Trindade,16561.0,11418.0,68.94511201014431,2821.0,2343.0,83.05565402339596,2549.0,2150.0,84.34680266771282,11191.0,6926.0,61.8890179608614,2615607.0
Triunfo,12383.0,10131.0,81.81377695227327,1889.0,1816.0,96.1355214399153,1723.0,1640.0,95.18282066163668,8771.0,6675.0,76.10306692509407,2615706.0
Tupanatinga,15340.0,8265.0,53.8787483702738,2850.0,2063.0,72.3859649122807,2396.0,1745.0,72.8297161936561,10094.0,4458.0,44.16485040618189,2615805.0
Tuparetama,6358.0,4735.0,74.47310474992136,935.0,865.0,92.51336898395722,877.0,815.0,92.93044469783352,4546.0,3055.0,67.20193576770788,2615904.0
Venturosa,10673.0,7193.0,67.3943595989881,1662.0,1349.0,81.16726835138387,1564.0,1355.0,86.63682864450128,7447.0,4489.0,60.27930710353162,2616001.0
Verdejante,6801.0,4873.0,71.65122776062344,1138.0,996.0,87.5219683655536,953.0,894.0,93.80902413431271,4710.0,2984.0,63.35456475583864,2616100.0
Vertente do Lerio,6608.0,4122.0,62.37893462469734,1173.0,1000.0,85.25149190110827,1032.0,913.0,88.46899224806202,4403.0,2210.0,50.19305019305019,2616183.0
Vertentes,11996.0,7900.0,65.85528509503168,1702.0,1401.0,82.31492361927144,1651.0,1332.0,80.67837674136887,8643.0,5168.0,59.79405299085966,2616209.0
Vicencia,22193.0,16349.0,73.66737259496237,3539.0,3290.0,92.9641141565414,3722.0,3447.0,92.61149919398173,14932.0,9613.0,64.37851593892312,2616308.0
Vitoria de Santo Antao,94494.0,71411.0,75.57199398903634,12614.0,11011.0,87.29189789123197,13650.0,12248.0,89.72893772893772,68230.0,48152.0,70.57306170306316,2616407.0
Xexeu,10089.0,6085.0,60.313212409554964,1785.0,1384.0,77.53501400560225,1629.0,1243.0,76.30448127685698,6675.0,3459.0,51.82022471910113,2616506.0
